Komentar,Sentimen,Label
AAAAA SENENGNYA HATIKUU,Positif,1
Jimin gemes bangett,Positif,1
Duh gasabarrr bangettttt ,Positif,1
mau belanja Jimin nya bisa ga?,Netral,0
Aku mau beli rumah sama suga,Netral,0
PASTII WOWW BGTT NIHH,Positif,1
Aaa kalian lucu banget si gemes,Positif,1
See you sayang sayang nya army,Positif,1
Beli panci ke bts bisa ngga ya? Haha,Positif,1
kok ganteng siii,Positif,1
V ganteng bgt yaak ,Positif,1
Kek cewek dandanannya menor,Negatif,-1
Plastik kok diundang upps,Negatif,-1
Sampah,Negatif,-1
Senangnya wajah wajah Bangtan berseliweran di TV ,Positif,1
Lucu banget aku love BTS JUNGKOOK,Positif,1
kapan gw bisa ketemu bts huhu,Netral,0
Iklan ternyaman walau diulang ulang,Positif,1
Tayangin iklannya terus di tv ya min,Positif,1
Semangat buat BTS,Positif,1
Mudah bukan? Mudah yang tidak mudah hanya mendapatkan remot tv kita lihat saja nanti..,Positif,1
"Jhope aduh lancar banget mas, udah bisa nih ijab kabul",Positif,1
Semoga BTS menjadi brand ambassador Tokopedia bakalan senenggggg bangettt dahh para army,Positif,1
jelek sekali penampilannya astaga,Negatif,-1
kpop burik,Negatif,-1
Hadeh ngga mutu,Negatif,-1
Bubar ajadeh mending,Negatif,-1
BOBROKNYA PLISSS HUHUHU,Positif,1
sangat gemash .,Positif,1
Para indomy/Indonesian army berkumpul,Positif,1
"aku iri kepada kardus Tokped. btw makasi tokped, aku bahagia sekali",Positif,1
"Iya mudah, yg ga mudah itu milikin kamu",Positif,1
Aaa tidak sabar yauu.. Siap remot tv gue rebut,Positif,1
BTS ngga ada lawan,Positif,1
"Asal mereka muncul nya ga cuma satu kali penampilan  aja,sisanya full artis indo",Netral,0
Suga: Mudah bukan?Aku: Semudah mencintaimu Kang Agus wqwq,Positif,1
Mudah sayang,Positif,1
benci bgtttt sama plastik,Negatif,-1
Min udah Corona ntar bawa BTS ke Indonesia ya,Positif,1
"MALAM INII, YUHUUUU",Positif,1
Aku nonton sampai BTS tampil nyanyi dynamite jadi nggak liat interview nya,Positif,1
Dandanannya aneeeehhh,Negatif,-1
gemash,Positif,1
"DARI PAGI DAH BERASA KEK ADA SERIBU KUPU2 DLM PERUT, SANGKING NDAK SABARNYA",Positif,1
MAS GANTENG,Positif,1
Mending tidur nonton acara beginian wkwk,Negatif,-1
Min kayanya tadi videonya sempat bocor di tweet deh.,Positif,1
Gk sabarrr,Positif,1
Aaaaaaa gsbr min buat mlem,Positif,1
AAAA GASABARR BTS,Positif,1
Huhuuuuu ga sabar,Positif,1
plastik,Negatif,-1
Ga sabaaarrr,Positif,1
Acara ginian bikin mlss,Negatif,-1
Waithing,Positif,1
Ada behind the scene nya ga sih ini ucul banget,Positif,1
NONTON TOKOPEDIA LIAT MEREKA JNTUNG GA KARUAN,Positif,1
"Tokopedia tolong buka akses youtube untuk army luar negeri. Jangan sampai nama Tokopedia jelek dimata Internasional Army dan Army Korea. Kami sebagai ARMY Indonesia bahagia Tokopedia tetap melanjutkan kontrak dengan BTS, tapi tolong kerjasamanya .. kasian buat internasional army",Positif,1
Aaa gemess,Positif,1
Aneh ,Negatif,-1
Aneh,Negatif,-1
Tokopedia keren bgt dah,Positif,1
Serakah bgt tokped ambil blackpink sama bts,Negatif,-1
"""Mudah bgt...."" Yg ga mudah itu menggapai tanganmu, Suga......",Positif,1
Yeayyyy,Positif,1
bosenin bgt acaranya,Negatif,-1
plastik kok dibayar mahal,Negatif,-1
plastiiiqqqqq,Negatif,-1
Mas j-hope suaramu makin melokal,Positif,1
ganteng sih tapi plastik,Negatif,-1
Jangan sampe lupa sistaaaa @vinvin_joeliyus_r ,Positif,1
Aduhh bang kamu tinggal di indo aja udh dah lancar gitu ngomongnya,Positif,1
Sope lancar bgt bun ngomongnya,Positif,1
Mudaah yoongi...ini ntr malam Udah pasti perform #dynamite ,Positif,1
@seilefaptr suga tegang bgt ya bun,Positif,1
Mending shopee daripada tokped mah,Negatif,-1
"Gila, kok suka sama orng kafir",Negatif,-1
@kurniaajengprtw  b aja atau gmn?,Positif,1
Iyaaa MUDAH yoongiya...dapetin kamu aja yang SULIT,Positif,1
orang2 aneh,Negatif,-1
Artis lokal lebih menggoda,Negatif,-1
jangan lupa nonton bts tokped ya!!,Netral,0
Di sctv kn ya,Positif,1
ngga jelas,Negatif,-1
 mudah bukaaaaaan,Positif,1
Mudah bukan? @wulandarid_,Positif,1
Mudah bukan ?? Mudah kok mudah banget kamu bikin aku ambyar mas ,Positif,1
gajelas,Negatif,-1
Ayo blanja di tokped,Positif,1
mantep ga tuh,Positif,1
makin lokal bgt yaampun,Positif,1
"Pgn nyulik yoongi diboyong ke indo, sapa mau nitip????",Positif,1
"Iyaaa, mudah banget kok yoongiii",Positif,1
skip,Negatif,-1
suga,Positif,1
"""MUDAH BUKAN""",Positif,1
Lovee youuu tokopediaaaa..,Positif,1
DAEBAK,Positif,1
bikin frustasi,Negatif,-1
Nggasuka,Negatif,-1
MAKASIHH BANYAK YAA TOKPEDD GASABAR MALEM INII,Positif,1
BOCORANN DR MINTO NIH,Positif,1
"@anggreang jangan lupa nanti malem bund , wkwkwk",Positif,1
Tokped mending undang artis indo karna lebih bagus,Negatif,-1
Jangan blnja di tokped,Negatif,-1
"Rusuh bgt artisnya, nggasuka deh",Negatif,-1
"""MUDAH BUKAN ?"" beuh,muka bang Agus kek kocheng bgt dah...gematz",Positif,1
MUDAH BUKAN? ,Positif,1
skip,Negatif,-1
@aifa_sazalwa Ã°Å¸ËœÂÃ°Å¸ËœÂ jam 8 malam mainnya..,Positif,1
Kemayu bgt kaya cewek,Negatif,-1
JHOPE LANCAR BGTT INDO NYA,Positif,1
@andiniiputriaz ntr malem woi ntr malemm,Positif,1
aneeeehhh,Negatif,-1
"MasyaAllah Toko Pedia bukan kaleng2 bisa ngundang BTS, yg lain mah lewat ups",Positif,1
Malam iniiiiii.....!!!!!!!AAAAAAAA........ SUDAH SIAP BANGET AKU TUH.........GAK SABARRRRR......,Positif,1
"Mudah diliat, ga mudah dimiliki",Positif,1
@nianovitta,Positif,1
ngga guna,Negatif,-1
Mas j-hope suaramu makin melokal,Positif,1
Jangan sampe lupa sistaaaa @vinvin_joeliyus_r,Positif,1
blnja di e commerce lain aja,Negatif,-1
Sope lancar bgt bun ngomongnya @kavita.vailany,Positif,1
Ditunggu dirumahh para suami,Positif,1
Mudah bukan ?? Mudah kok mudah banget kamu bikin aku ambyar mas,Positif,1
MUDAH BUKAN iya mudahh yang ngga mudah milikin kamu Yoon,Positif,1
MUDAH BUKAN???!?,Positif,1
ongkir mahal amat sih,Negatif,-1
Jgn mau blnja di tokped,Negatif,-1
Pokoknya ku tidak mau tidur siang ku rela menunggu mereka,Positif,1
Duhhh mudah bukann ,Positif,1
Siap2 guys siapin hatiÃ°Å¸ËœÂÃ°Å¸Ëœâ€š@erma_bundaiksan @zesinurulhasanahPositif2,Positif,1
Jujur bosenin,Negatif,-1
"Mudah banget bangg, yang susah tuh milikin kamu-_",Positif,1
"hintnya mudah sayang, yang susah itu jadi jodoh kamu.",Positif,1
MUDAH BUKAN~,Positif,1
jelek,Negatif,-1
tokopedia emg keren bgttt,Positif,1
salut sih sama tokped,Positif,1
Lovee youuu tokopediaaaa..,Positif,1
senangnya tokopedia undang bts,Positif,1
"Gemoy bgt sugaaÃ°Å¸ËœÂ­ ""MUDAH BUKAN""",Positif,1
seneng bgt bts bisa kerjasama sama tokped,Positif,1
jelek bgtttt,Negatif,-1
ENGGAKK MUDAH,Positif,1
Ditunggu dirumahh para suami,Positif,1
fasih nya jhope ngajak nikah,Positif,1
Gaada bagusnya,Negatif,-1
GA SABAR BANGET!! KANGEN MEREKAA SOALNYA!,Positif,1
B aja,Negatif,-1
Mau muntah,Negatif,-1
Pusing liatnya,Negatif,-1
Fiks rebutan remote tv ama emak,Positif,1
Mkshhhh TOKOPEDIAAAA,Positif,1
kolaborasi yang keren abiiissss,Positif,1
"Fasih bgt yaa, melokal terusss",Positif,1
Bikin sakit mata,Negatif,-1
adem bgt liatnyaaaa,Positif,1
semoga bts & blackpink bisa satu frame aminnn,Positif,1
"Bangtan,,, I wait you gasabar ihhh",Positif,1
ANEH BGT WOYYYY,Negatif,-1
Wakakakkaa kucingggg gemesh amat @triasadinnara @ismahwep,Positif,1
Elss see? nungguin ini ntar malam @elsaisnda,Positif,1
Pindah agama aja ikutin mereka,Negatif,-1
PENGEN DIKARUNGIN SEMUA ISH,Positif,1
"Kenapa harus digabungin sih bp sama bts-nya Ã°Å¸ËœÂ¢ Mana bintang tamunya cukup banyak lagi, iya aja kalo durasinya sampe 2 jam lebih mah. Hahhh, semoga aja bp nyanyinya lebih dari 2 kali.",Positif,1
yok nonton yok..btw adminnya ikut nonton ga ni,Positif,1
Plastiiiiikkkkkkk,Negatif,-1
Org2an sawah hahahaha,Negatif,-1
TOKPED LOP YU POKONYA,Positif,1
@juniyanaamanda,Positif,1
Pada buta matanyaaa,Negatif,-1
Bebbbbbb jangan lupa jam 8!!! @merchitar,Positif,1
Pengen gw blok deh tokped,Negatif,-1
Pengen sungkem Ama yang ngadain acarany,Positif,1
"Makasih diskon PositifNegatifNegatif% nya, aku sampe kaget bgt beneran diskon PositifNegatifNegatif, ga kayak sebelah yg cuma maks 2rb",Positif,1
Banyk org gila dsni,Negatif,-1
"keren sih bisa jadikan bts sbg Banya tokped, secara bts punya banyak penghargaan dan mendunia",Positif,1
Pgn gw hujat dehhh,Negatif,-1
Ea taehyung,Positif,1
Gw sih mending shopee,Negatif,-1
Gak sabar sebentar malam,Positif,1
Tidak menarik,Negatif,-1
matikan tv,Negatif,-1
Mahal bgt blnja di tokped,Negatif,-1
Kok ada sih org yg suka sama mrka,Negatif,-1
Sembah berhala aja sana kalian hahaahah,Negatif,-1
siap siap berebutan remot ama emak,Positif,1
tokopedia baik bgt paraaahhh,Positif,1
Oi oiiiiii gaskeunnn @pinkaachuu @fannywangg @juliangelPositifPositifPositifPositif,Positif,1
Ia mudah yg ngk mudah tu ketemu sama kmu mas @fani_liem,Positif,1
Sok inggris bgt hahaah,Negatif,-1
Hdifkfjsudzgmxjdus udah ngak sabar,Positif,1
Cinta produk lokal bakar plastik!!!,Negatif,-1
mudah bukan? iya sayang yang sulit hanyalah memilikimu,Positif,1
Itu rambut jk udah ganti lagi,Positif,1
plastiiiqkkkk,Negatif,-1
UwuwuueueuÃ¢ÂÂ¤Ã¯Â¸Â@bts.bighitofficial @tokopedia,Positif,1
@dannisajohnson ini tehh ntr malem Ã°Å¸â€™Å“,Positif,1
Buang2 duit blnja di tokped,Negatif,-1
Gak sabar sebentar malam,Positif,1
@moonliesght jgn lupa bun todayÃ°Å¸ËœÅ’,Positif,1
Hatiku sangat senang sekali udh gk sabar pengen ngeliat penampilan dri bts dan blackpink,Positif,1
acaranya tdk berbobot,Negatif,-1
Nnti kerumahmu lh kak wkwk @aisyxxhh_bulbul,Positif,1
Minto makasihhhhh banyakkkk udh nyatuin BTS sm Blackpink ahhhhh syg deh sm minto sm tokped jugaaa,Positif,1
TERIMAKASIH BANYAK TOKOPEDIA!!!  I GREEN U TOKOPEDIA,Positif,1
jatuh miskin abis ini,Negatif,-1
"@samanthachrs iya mudah, digapai ny susah.",Positif,1
semakin melokal ya bund,Positif,1
Aaa....Makasih tokopedia!!! Gk sabar!!!,Positif,1
gasuka,Negatif,-1
kotor bgt orang2nya,Negatif,-1
Jhoooooooope,Positif,1
Fighting tim tokopedia,Positif,1
Fixx CEO nya kaya,Positif,1
Di mohon remote di boxing dari sekarang,Positif,1
MUDAH BANGEETSSSÃ,Positif,1
"Jangan lupa setelah Tokopedia lanjut saksikan #SamudraCintaSCTV yaa, hanya di SCTV karena ceritanya seru",Positif,1
Mending artis indo!!!!,Negatif,-1
"Aaaa~~~Makasih banyak ya Tokped lope you kale aku, sering sering ya artis nya BTS",Positif,1
Muda kok yoon yang ngga muda itu ngemiliki kamu,Positif,1
Cupu bgttt!!!,Negatif,-1
Norak bgt yg blnja di tokped,Negatif,-1
hahahaha jelek bgt ,Negatif,-1
Aduhhh Suga ngomong pakek bahasa Indonesia nya lancar banget sih,Positif,1
Aduh aduuuhhhÃ°Å¸ËœÂÃ°Å¸ËœÂÃ°Å¸ËœÂÃ°Å¸ËœÂThank you @tokopedia,Positif,1
Tokopedia aku padamuu!!!,Positif,1
silau bikin skt mata,Negatif,-1
Suga lemes banget,Positif,1
Malam ini aku absen dulu nonton oppa frindavanku krishnaÃ°Å¸Ëœâ€škarna aku harus nonton oppa koreaku,Positif,1
@afiyarn_ jangan lupa nanti malem :' pakai alarm kalau perlu wkwk,Positif,1
"""MUDAH BUKAN?"" YOONGII LUCU BGTT!!",Negatif,-1
@edlffdl_,Negatif,-1
@naikth_30  ingetin aku nanti malem yaaaÃ°Å¸Ëœâ€š,Positif,1
"Thank you Tokopedia..sayang banyak2 sama TokopediaÃ°Å¸â€™Å“. Avv..Suga sudh melokal pas ngomong ""Mudah bukan?""Ã°Å¸ËœÂ­. Mudah banget..yang gak mudah itu ngemilikin si YoongiÃ°Å¸ËœÂ¢. Gak sabar nanti malam jam 20.00 WIBÃ°Å¸Â¤Â§. Borahae",Positif,1
"@ekaseptianaputri ""mudah bukan"" by suga napa gemoy banget dia ngomongnya Ã°Å¸ËœÂ¹",Positif,1
"Makasih diskon Positif00% nyaÃ°Å¸Â¤â€”, aku sampe kaget bgt beneran diskon Positif00%Ã°Å¸ËœÂ­Ã°Å¸ËœÂ­, ga kayak sebelah yg cuma maks 2rb",Positif,1
@melidani7 jan lupa,Positif,1
bts kok mau kerjasama sama tokped,Negatif,-1
Gak sabar banget,Positif,1
tokped suka nipu,Negatif,-1
belanja di tokped sampenya lama,Negatif,-1
susah blnja di tokped ngga ngrti,Negatif,-1
tokped aneh bgt,Negatif,-1
Gx ngerti lagi mo ucapin gmna lagi min pokoknya terimakasih sebanyak banyak nya udah ngundang BTS,Positif,1
Gimana bund @nrlfaizh__  ndelok ora,Positif,1
"DARI PAGI DAH BERASA KEK ADA SERIBU KUPU2 DLM PERUT, SANGKING NDAK SABARNYA",Positif,1
"Asal mereka muncul nya ga cuma satu kali penampilan  aja,sisanya full artis indo",Negatif,-1
MIN MASUKIN TXT SAMA ENHYPEN DI LIST YAA JANLUPAAA,Positif,1
Pengen sungkem Ama yang ngadain acaranya,Positif,1
Gasabar nanti malem asksksk,Positif,1
Cuma orang gila yg blnja di tokped,Negatif,-1
"Fasih bgt yaa, melokal terusss",Positif,1
Thank youuu tokopedia :') mereka berasa bisa digapaii woyy:'),Positif,1
"cintailah produk dalam negeri, produk luar gini singkirkan",Negatif,-1
shopee aja deh hahaaha,Negatif,-1
Emang ya toko pedia itu paling top deh se-Indonesia thx tokopedia,Positif,1
SENANGNYA DLM HATI KALAU BERSUAMI 7 ,Positif,1
lebih bagus shopeeeeeee,Negatif,-1
Ganteng banget yaaloh.. jadi gk sabar kn,Positif,1
Bagaimana si tokopedia mengumpulkan bpxbts satu panggung yng bahkan korea selatan aja gk bisa menyatukan mereka berdua untuk collab??? So hopeless bngt liat bpxbts,Positif,1
G sabar nanti malam,Positif,1
Nggasuka ah sama tokped,Negatif,-1
Muka palsu,Negatif,-1
Ojolali @dianalestari_snd,Positif,1
Aku sangat berterima kasih kepada Tokopedia,Positif,1
Tokped ongkirnya mahal,Positif,1
Banciiiiiii,Negatif,-1
Plsatiq,Negatif,-1
Banci kok disukai,Negatif,-1
Min di YouTube Tokopedia Live juga kan????,Positif,1
Kok ngomongnya pada lancar2 sihh jadi semakin melokal dan serasa gampang untuk digapaiÃ°Å¸Ëœâ€š,Positif,1
Yeayyyy,Positif,1
Gasabar woiiiiiiiiiiii,Positif,1
"Yey senang banget hatiku,bakal ketemu BTS lagi,Hanya di Tokopedia",Positif,1
Mudah bangettttt. Fix ingetin akuuu @nidaulkarimah_ wkwkwkwkwk,Positif,1
Jujur mau muntah,Negatif,-1
SAYANG TOKOPEDIA,Positif,1
Brand ambassador luv banget :' hiks,Positif,1
Ngga ada keren2nya,Negatif,-1
Baru kali ini nontonin iklan diputer puteer,Positif,1
Maksudnya di utube @velindavara wkw,Positif,1
performa yg buruk,Negatif,-1
@snflwer5._ : awww download tokopedia sekarang hanya di Ã°Å¸Ëœâ€šÃ¢ÂÂ¤Ã¯Â¸ÂÃ¢ÂÂ¤Ã¯Â¸ÂÃ¢ÂÂ¤Ã¯Â¸Â,Positif,1
@fxxtria.gwn fix kalo mau bab harus dari sebelumnya yyy Ã°Å¸ËœÂ­,Positif,1
"Minto, apa kita gak bisa ntn ulang perfomance BTS kmrin? Apa ada perjanjian kontrak yg mengharuskan untuk ngeprivate perfom mereka? Please speak upÃ°Å¸â„¢Â @tokopedia",Positif,1
penampilannya buruk sekali,Negatif,-1
Ada di youtube ngk soalnya siaran aku ngk ada net sama sctv,Positif,1
tokopedia pls kapan-kapan robin pattinson di undang ya kak @minerrerva,Positif,1
Kalo artis lokal pasti sepi nich,Positif,1
iklan ganteng,Positif,1
Basiiiii brand ambassadornya,Positif,1
KENAPA VIDEO BTS DI YOUTUBE  MALAH DI BLOK YA?? YG LAIN ENGGA MIN @tokopedia,Positif,1
"miinnnn.. ayo dibuka privatenyaaa di yutuubbb biar internasional army bisa nonton jugaaaaa, kasiann merekaaaa pengen nontooonnn",Positif,1
Males belanja di tokped mending Shopee,Negatif,-1
Akhirnya para Army modal kuota bisa nonton dengan cara halal. Thank you tokopedia,Positif,1
Tokopedia semakin di depan,Positif,1
"Aneh bgt bangga2in artis luar, artis sendiri ngga dipilij",Positif,1
Tulis wish list belanjaan kamu di sini!!!!,Netral,0
PENGEN LIGHTSTICK BTS SAMA MEMBERSHIP ARMY,Netral,0
Bulan ini ada idol K-Pop nya kan min??,Netral,0
Borahae,Positif,1
Min nanti tanggal 25 siapa idolnya min?? Kasih clue donk,Netral,0
sayangkuuu,Positif,1
GEMESSSS,Positif,1
Mau Hape Samsung s20 edisi BTS,Netral,0
gemess,Positif,1
Ngk pernah bosan liat iklan ini di tipiii,Positif,1
nanti tgl 25 ada show BTS ngga di tv min?,Netral,0
"Kenapa pas liat mereka ngakak, tiba muncul trus lari lari joget joget kecil..kan jadi emesh atunya ",Positif,1
pacar gue ada 7 itu lari2 huhu,Netral,0
Cakep2 amat bujang2ku,Positif,1
Aaaa gemeeesss,Positif,1
Apa ya bulan kemaren udh mikirin ... Sekarang lupa,Netral,0
keren,Positif,1
Pengen karungin,Positif,1
merch baru bakalan launching min,Netral,0
cuma mau bilang makasih banget tokopedia,Positif,1
Fix nyanyi dynamite ya kan cuma jimin ngasih hintnya pake bahasa korea,Netral,0
DYNAMITE INDO VER GYAHAHAHHAA KOREAN VER NYA AJA GAADA,Positif,1
Pengen karungin semuanya:'),Positif,1
Aku berlian aku bersinare Ã°Å¸ËœÂ­,Positif,1
Bebeb v ku ak harus nonton tokped,Positif,1
maap jim aku ketawa banged :((,Positif,1
Gak sabar menanti ketujuh pangeran yang melokal,Positif,1
Gak sabar gw woyyy,Positif,1
"AHHH MRKA NGMG INDONESIA SE LOKAL ITUUUU GEMASHHH, AMII ""AKU BERLIAN AKU BERSINAR"" CEUNAH:)) APA YA MIC DROP MUNGKINÃ°Å¸ËœÂ­Ã°Å¸Â¤Â£",Positif,1
AKU GASABAR MIIIN Ã°Å¸ËœÂ­Ã°Å¸â€™Å¡Ã°Å¸â€™Å“,Positif,1
Iya aku berlian aku bersinarÃ°Å¸ËœÂ­Ã°Å¸ËœÂ­,Positif,1
"MIMIN BAIK BANGETTT, NGGAK SABAR CHIT CHAT MINNNN",Positif,1
GK SABAR HIKZðŸ˜­,Positif,1
Iya nchim kamu berliannya army uhuuuy ðŸ˜­ðŸ˜‚ðŸ’œ gemoooy,Positif,1
Jungkook udh lokalðŸ˜­ðŸ˜‚,Positif,1
"ih tolong, jimin gemes bgt ngomongnyaÃ°Å¸Ëœâ€š jeykey kaya udah biasa ya ngomong b.Indo, lancar bgttt, siapa yg ngajariin siih?Ã°Å¸Ëœâ€ Ã°Å¸Ëœâ€ž",Positif,1
AAA SAYANK TOKPEDD Ã°Å¸â€™Å¡Ã°Å¸â€™Å“,Positif,1
APA APAA... AKU BERLIAN AKU BERSINAR AYO! CUZ I I I'M IN THE STARS TONIGHT?!!!!!,Positif,1
"LGO, dynamite,and....",Netral,0
Ga sabarrrr,Positif,1
Jungkook lancar banget ngomong pake b. IndoooooÃ°Å¸ËœÂ­Ã°Å¸ËœÂ­Ã°Å¸â€˜ÂÃ°Å¸â€˜Â,Positif,1
Aku berelian aku beresinareee Ã°Å¸Ëœâ€š,Positif,1
Bersinareuuuu~~~,Positif,1
"""aku berlian, aku bersinar"" Ã°Å¸ËœÂ­ aaa gasabar Ã°Å¸â€™Å“",Positif,1
Bersinareee Ã°Å¸Â¤Â£,Positif,1
diskonin album plis tokpedd,Netral,0
"STAY, BLUE AND GRAY",Netral,0
HEH JUNGKOOK LANCAR BGT NGOMONG INDONYAAAAA,Positif,1
"""AKU BERLIAN, AKU BERSINAR"" JIMIN GEMES BGT Ã°Å¸Â¥ÂºÃ°Å¸â€™Å“Ã°Å¸Â¥ÂºÃ°Å¸â€™Å“Ã°Å¸Â¥ÂºÃ°Å¸â€™Å“Ã°Å¸Â¥ÂºÃ°Å¸â€™Å“",Positif,1
Ayooo belanja di Tokopedia,Positif,1
AAA GAASAABAAARR Ã°Å¸â€™Å¡Ã°Å¸â€™Å¡Ã°Å¸â€™Å¡Ã°Å¸â€™Å“Ã°Å¸â€™Å“Ã°Å¸â€™Å“,Positif,1
"""DOWNLOAD TOKOPEDIA SEKARANG"" NOH GUYS DISURUH DOWNLOAD SAMA JUNGKOOK. AYO DOWNLOAD!!!!",Netral,0
Tokopedia bisa buat beli pacar ngga?,Netral,0
Jadi suka belanja di Tokopedi uyy,Positif,1
DYNAMITE mungkin. Kan lagu ngetrenÃ‚Â² nya Ã°Å¸â€™Å“,Positif,1
Semua e commerce Indonesia sama kok,Netral,0
Jimin gemes bangettÃ¢ËœÂ¹Ã¯Â¸ÂÃ¢ÂÂ¤Ã¯Â¸ÂÃ¢ÂÂ¤Ã¯Â¸Â,Positif,1
Mantap Ã¢ÂÂ¤Ã¯Â¸Â,Positif,1
HUAAAAAAA SAYANG TOKOPEDIA BANYAK BANYAKÃ°Å¸â€™Å“Ã°Å¸â€™Å“Ã°Å¸â€™Å“Ã°Å¸â€™Å“Ã°Å¸â€™Å“SENDING PURPLE HEARTÃ°Å¸â€™Å“Ã°Å¸â€™Å“Ã°Å¸â€™Å“Ã°Å¸â€™Å“Ã°Å¸â€™Å“Ã°Å¸â€™Å“Ã°Å¸â€™Å“Ã°Å¸â€™Å“Ã°Å¸â€™Å“Ã°Å¸â€™Å“Ã°Å¸â€™Å“Ã°Å¸â€™Å“Ã°Å¸â€™Å“Ã°Å¸â€™Å“Ã°Å¸â€™Å“Ã°Å¸â€™Å“Ã°Å¸â€™Å“Ã°Å¸â€™Å“Ã°Å¸â€™Å“Ã°Å¸â€™Å“Ã°Å¸â€™Å“Ã°Å¸â€™Å“Ã°Å¸â€™Å“,Positif,1
Iya taehyung sayang kita kangen kalian Ã°Å¸Ëœâ€šÃ°Å¸ËœÂ­,Positif,1
"Taehyung said ""Kalian kangen kita nggak"" My heart kungkang"" Ã°Å¸ËœÂ­Ã°Å¸ËœÂ­Ã°Å¸ËœÂ­Ã°Å¸ËœÂ­Ã°Å¸ËœÂ­Ã°Å¸ËœÂ­",Positif,1
GA TAU LAGI BUAT TOKOPEDIA POKOKNYA MAKASIH BNGTTTTTÃ°Å¸ËœÂ­Ã°Å¸ËœÂ­Ã°Å¸ËœÂ­Ã°Å¸ËœÂ­Ã°Å¸ËœÂ­Ã°Å¸ËœÂ­Ã°Å¸â€™Å“Ã°Å¸â€™Å“Ã°Å¸â€™Å“Ã°Å¸â€™Å“Ã°Å¸â€™Å“Ã°Å¸â€™Å“Ã°Å¸â€™Å“Ã°Å¸â€™Å“,Positif,1
IH SYG BGT SM TOKPED,Positif,1
Bengek bgt taehyungÃ°Å¸ËœÂ­Ã°Å¸ËœÂ­,Netral,0
SAYANG BGT SM TOKOPEDIAÃ°Å¸â€™Å“Ã°Å¸â€™Å¡,Positif,1
"Ã°Å¸ËœÂ­ namjoon : ""hanya diii"" Ã°Å¸ËœÂ­ /pingsan/",Netral,0
Kalian kangen kita EnGaK,Netral,0
ASTAGA ASTAGAAA ASTAGAAA Ã°Å¸â€™Å“Ã°Å¸â€™Å“Ã°Å¸â€™Å“Ã°Å¸â€™Å“Ã°Å¸â€™Å“Ã°Å¸ËœÂ­Ã°Å¸â€Â«,Netral,0
Ã°Å¸â„¢Å’Ã°Å¸ÂÂ»Ã°Å¸â€™Å“,Positif,1
TOKOPEDIA WE LOVE YOUUU!!!!! Ã°Å¸ËœÂ­Ã°Å¸â€™Å“,Positif,1
udah bts + blackpink pula,Netral,0
Ã°Å¸â€™Å“Ã°Å¸â€™Å“Ã°Å¸â€™Å“Ã°Å¸â€™Å“Ã°Å¸â€™Å“ luvv youuu tokpeddd,Positif,1
"BTS,..Sayang Tokopedia banyak banyak Ã°Å¸ËœÂÃ°Å¸ËœËœÃ°Å¸ËœÅ , i love you Tokopedia,..Ã°Å¸ËœËœÃ°Å¸ËœËœÃ°Å¸â€™Å“Ã°Å¸â€™Å“Ã°Å¸â€™Å“Ã°Å¸â€™Å“Ã°Å¸â€™Å“Ã°Å¸â€™Å“Ã°Å¸â€™Å“",Positif,1
SAYANG BANGET AMA TOKPEDÃ°Å¸ËœÂ­Ã¢ÂÂ¤Ã¯Â¸Â,Positif,1
KALIAN KANGEN KITA ENGGAK?! KANGEN!!! BANGETTT!! HUHUUÃ°Å¸ËœÂ­Ã°Å¸â€™Å“Ã°Å¸â€™Å¡Ã°Å¸â€™Å“Ã°Å¸â€™Å¡Ã°Å¸â€™Å“Ã°Å¸â€™Å¡Ã°Å¸â€™Å“Ã°Å¸â€™Å¡,Positif,1
SAYANG TOKPED BANYAK BANYAAAAK HUAAAAAAA Ã°Å¸ËœÂ­Ã°Å¸ËœÂ­Ã°Å¸ËœÂ­Ã°Å¸ËœÂ­Ã°Å¸ËœÂ­Ã°Å¸ËœÂ­,Positif,1
BLACKPINKK MINNN BURU LAHHHÃ°Å¸ËœÂ­,Netral,0
MINTO BORAHAEÃ°Å¸â€™Å“Ã°Å¸â€™Å“Ã°Å¸ËœÂ­,Positif,1
Ã°Å¸ËœÂÃ°Å¸ËœÂ,Positif,1
Kangen banget,Positif,1
CINTAAAAA SAYANG2KUUU YANG PAKE BAJU POKOKNYAAAÃ°Å¸ËœÂ­Ã°Å¸ËœÂ­Ã°Å¸ËœÂ­ THANK U TOKOPEDIAAAAA BORAHAEÃ°Å¸â€™Å“Ã°Å¸â€™Å“Ã°Å¸â€™Å“Ã°Å¸â€™Å“,Positif,1
Aaa sayang banget sama TokpedÃ°Å¸â€™Å“Ã°Å¸â€™Å¡,Positif,1
TANGGUNGJAWAB DEH TOKPED BIKIN SENYUM SENYUM SENDIRI Ã°Å¸ËœÂ­Ã°Å¸ËœÂ­Ã°Å¸ËœÂ­Ã°Å¸ËœÂ­Ã°Å¸ËœÂ­Ã°Å¸â€™Å“Ã°Å¸â€™Å“Ã°Å¸â€™Å“Ã°Å¸â€™Å“,Positif,1
Tanggal 25 lama amat siiÃ°Å¸ËœÂ­Ã°Å¸â€™Å“,Netral,0
Terdebest sih tokpedÃ°Å¸ËœÂ­,Positif,1
GEMETERAN Ã°Å¸ËœÂ­Ã°Å¸ËœÂ­Ã°Å¸ËœÂ­Ã°Å¸â€™Å¡Ã°Å¸â€™Å¡Ã°Å¸â€™Å“Ã°Å¸â€™Å“Ã°Å¸â€™Å“Ã°Å¸â€™Å“Ã°Å¸ËœÂ­Ã°Å¸ËœÂ©,Netral,0
Menunggu timtim orang uninstall tokopedia karena menampilkan dan memakai btsÃ°Å¸Â¤Â£,Negatif,-1
lokal bgt mas ðŸ˜­ðŸ’œ,Positif,1
Bengek bgt taehyungðŸ˜­ðŸ˜­,Netral,0
Bts lagi huhuhuhu m,Positif,1
THANK U TOKPED !!!,Positif,1
Ã°Å¸ËœÂ­Ã°Å¸â€™Å“Ã°Å¸â€™Å¡,Positif,1
taehyung gemes Ã°Å¸ËœÂ­,Positif,1
HEH JUNGKOOK LANCAR BGT NGOMONG INDONYAAAAA,Positif,1
Terpesona aku terpesonaÃ°Å¸â€™Å“Ã°Å¸â€™Å¡,Netral,0
Adiku liatin tv trus karna ini heyyÃ°Å¸ËœÂ­,Positif,1
UwowwwÃ°Å¸â€™Å“,Positif,1
Demi apaaaÃ°Å¸ËœÂ­Ã°Å¸ËœÂ­Ã°Å¸â€™Å“,Netral,0
WAAAAAAHÃ°Å¸ËœÂ­,Positif,1
Udah kudugongggÃ°Å¸ËœÂ­Ã°Å¸ËœÂ­Ã°Å¸â€™Å“Ã°Å¸â€™Å“,Netral,0
SUMPAH SAYANG BGET SMA TOKOPEDIA,Positif,1
YES BANGTANÃ°Å¸ËœÂÃ°Å¸â€™Å“Ã°Å¸â€™Å“Ã°Å¸â€™Å“,Netral,0
BTSSSS AAAAAAÃ°Å¸ËœÂ­Ã°Å¸ËœÂ­Ã°Å¸ËœÂ­Ã°Å¸ËœÂ­Ã°Å¸â€™Å“Ã°Å¸â€™Å“Ã°Å¸â€™Å“THANK YOU TOKPED Ã°Å¸â€™Å“Ã°Å¸â€™Å“Ã°Å¸â€™Å“Ã°Å¸â€™Å“Ã°Å¸â€™Å“Ã°Å¸â€™Å“Ã°Å¸â€™Å“,Positif,1
"Minto, mau belanja Jimin nya bisa ga?",Netral,0
BTS!!,Netral,0
YES BANGTANðŸ˜ðŸ’œðŸ’œðŸ’œ,Netral,0
Sayang bgtt dah pokonya sama TOKPED Ã°Å¸ËœÂ­Ã°Å¸Ëœâ€šÃ°Å¸â€™Å“Ã°Å¸â€™Å“,Positif,1
Sudah aku dugaÃ°Å¸ËœÂ­Ã°Å¸ËœÂ­Ã°Å¸ËœÂ­Ã°Å¸ËœÂ­,Positif,1
ASDFGHJKHSKLÃ°Å¸ËœÂ­Ã°Å¸ËœÂ­Ã°Å¸ËœÂ­Ã°Å¸ËœÂ­,Netral,0
OMAYGATTTTT,Netral,0
Ohhh ini yg namanya bts,Netral,0
Aaaaa sudah ku dugaaaaaÃ°Å¸â€™Å“Ã°Å¸â€™Å“Ã°Å¸â€™Å“Ã°Å¸â€™Å“,Positif,1
BORAHAEE TOKPEDÃ°Å¸ËœÂ­Ã°Å¸ËœÂ­Ã°Å¸ËœÂ­Ã°Å¸â€™Å“Ã°Å¸â€™Å“Ã°Å¸â€™Å“,Netral,0
Kenapa ibuku jadi suka yg beginian juga???Ã°Å¸ËœÂ­Ã°Å¸ËœÂ­Ã°Å¸ËœÂ­,Netral,0
Wow wow wow apa kah?,Netral,0
NAHHHHHH KAN,Netral,0
AyeeeeeeÃ°Å¸â€™Å“,Netral,0
Fighting tim tokopediaÃ°Å¸â€™Å“,Positif,1
makin gemes aja suami ku Ã°Å¸ËœÂ­,Positif,1
IKLAN TERGEMESÃ°Å¸ËœÂ­Ã¢ÂÂ¤Ã¯Â¸Â,Positif,1
BULAN DEPAN ENHYPEN YA MINNN,Netral,0
"Minto, mau belanja Jimin nya bisa ga?",Netral,0
MIN VIDEO PERFORMANCE DYNAMITE YANG SEMALEM KOQ GA JADI GA ADA DI YUTUB ?????,Netral,0
Gx ngerti lagi mo ucapin gmna lagi min pokoknya terimakasih sebanyak banyak nya udah ngundang BTSÃ¢ÂÂ¤Ã¯Â¸ÂÃ°Å¸ËœÂ­Ã¢ÂÂ¤Ã¯Â¸Â,Positif,1
Aku mau beli rumah sama sugaÃ°Å¸Ëœâ€š,Positif,1
Army yok lah boronggÃ°Å¸ËœÂ­Ã°Å¸Â¤Â£,Positif,1
yaampun gemes banget lariÃ‚Â²Ã°Å¸ËœÂ­Ã°Å¸Ëœâ€š,Positif,1
"MAKASIH BANYAK TOKOPEDIA UDAH UNDANG BTS â¤ï¸ðŸ˜ ajak bts cobain makanan indonesia dong : rendang, sate ayam, bakso, nasi goreng dll , penasaran reaksi bts gimana ..",Positif,1
Minto mau Dynamite tokopedia yg td malam kok udh gk ada ya.?,Netral,0
Makasih banyak tokopediaÃ°Å¸ËœÂ­Ã°Å¸â€™Å“Ã°Å¸â€™Å¡lucu bgt dong iniiÃ°Å¸ËœÂ­Ã°Å¸ËœÂ­Ã°Å¸â€™Å“,Positif,1
kok ganteng siii,Positif,1
"Gw akan stop bucin jika Jimin tambah tinggi ðŸ˜‚ ,, itu anak bayi meresahkan bgt ya rambut bgtu ,,, dihhhh sukaaakk bgt gw mah neh iklann ,, tq TokopediaðŸ’œ gemeeesssssssss penngen gw karungin aja tuh bocah semuaaa ðŸ˜‚",Positif,1
GEMESHHH Ã°Å¸ËœÂÃ°Å¸ËœÂÃ°Å¸ËœÂ,Positif,1
Ayo blanja di tokpedÃ°Å¸â€™Å“Ã°Å¸â€™Å“Ã°Å¸â€™Å“Ã°Å¸â€™Å“,Positif,1
MAKASII BANYAKK TOKPED Ã°Å¸â€™Å¡Ã°Å¸â€™Å“,Positif,1
Thx buat yg semalemÃ°Å¸ËœÂ­Ã°Å¸â„¢Å’,Positif,1
Senangnya wajah wajah Bangtan berseliweran di TV Ã°Å¸ËœÂÃ°Å¸ËœÂÃ°Å¸â€™Å“Ã°Å¸â€™Å“,Netral,0
belanja di tokped gratis RM sama Suga @itarositaita,Netral,0
BEHIND THE SCENE NYA PLEASE TOKPED Ã°Å¸ËœÂ­,Positif,1
I love you Tokopedia x BTS,Positif,1
iklannya tambah dong tokped masing2 member buajajja,Netral,0
Dynamite di ytb ko ga ada yaaa?,Positif,1
"Kita wajib ngeramein dan belanja di tokped ya gaissss, sebagai tanda terimakasih ke @tokopedia",Positif,1
Yallah suka bener gw iklan gini jd bawaan nya pengen belanja walau nganggurÃ°Å¸ËœÂ­@zesinurulhasanah12 @erma_bundaiksan @assri07,Positif,1
Lucu bangetðŸ˜ aku love BTS JUNGKOOK,Positif,1
ABIS BELI MEJA LAPTOP LIPAT HAHA THANKS BTS AKU PINDAH DIKIT DIKIT KE TOKPEDÃ°Å¸Ëœâ€šÃ°Å¸â€™Å“Ã°Å¸â€™Å“Ã°Å¸â€™Å“,Positif,1
Ku btuh behind the scan nya Ã°Å¸ËœÂ­Ã°Å¸ËœÂ­Ã°Å¸ËœÂ­,Netral,0
@_a.qt gemes banget Ã°Å¸ËœÂ­Ã°Å¸ËœÂ­,Netral,0
Ã°Å¸â€™Å“Ã°Å¸â€™Å“Ã°Å¸â€™Å“Ã°Å¸â€™Å“Ã°Å¸â€™Å“Ã°Å¸â€™Å“Ã°Å¸â€™Å“Ã°Å¸â€™Å“,Positif,1
percuma army kalo belanja nya ngga di tokped~ Ã°Å¸ËœÅ’Ã°Å¸â€™Å¡Ã¢Å“Â¨,Positif,1
FirstÃ°Å¸Ëœâ€š,Netral,0
"minto tolong aku, nihh lagu selalu terngiang-ngiang di telinga akuÃ°Å¸â€™Å“Ã°Å¸â€™Å¡Ã°Å¸â€™Å“Ã°Å¸â€™Å¡Ã°Å¸â€™Å“Ã°Å¸â€™Å¡Ã°Å¸â€™Å“Ã°Å¸â€™Å¡Ã°Å¸â€™Å“Ã°Å¸â€™Å¡ #SelaluAdaSelaluBisa",Positif,1
Makasih banget buat @tokopedia  Makin Gemesss liat mereka.. Makin seru juga belanja di toko pedia,Positif,1
Ganteng2 bangetðŸ˜­ðŸ’œðŸ’œ,Positif,1
GEMESSS BGTT MINTOOOO Ã°Å¸ËœÂ­Ã°Å¸ËœÂ­Ã°Å¸â€™Å“Ã°Å¸â€™Å¡Ã°Å¸â€™Å“Ã°Å¸â€™Å¡Ã°Å¸â€™Å“Ã°Å¸â€™Å¡,Positif,1
lucuuu bangettÃ°Å¸ËœÂ­Ã°Å¸â€™Å“Ã°Å¸â€™Å“,Positif,1
GEMESHHH BANGETTTÃ°Å¸â€™Å“,Positif,1
Gemeshhh bangeeet mas2 ini,Positif,1
sayang bgt sama bts,Positif,1
Iklan favoritÃ°Å¸â€™Å“Ã°Å¸ËœÂ,Positif,1
Iklan tokopedia versi ini gak akan diskipðŸ˜ Gemeees bangeet BangtanðŸ’œðŸ’œðŸ’œðŸ’œ,Positif,1
@margarethafio_ seger banget ya fi,Netral,0
Tadi muncul di tipi gueÃ°Å¸ËœÂ­Ã°Å¸â€™Å“Ã°Å¸â€™Å¡,Positif,1
orang2 lucu ini yaallah,Positif,1
Gemes yang ini ya iklannya no jaim. Versi blackpink mah versi canci kalem @annediantini,Netral,0
Kok ada ya orang mau bayar mahal buat org kek mereka,Negatif,-1
"dengan masuknya bts, indonesia makin mendunia huhu",Netral,0
Aaaaaa lucuuuu iklannyaa gemeees kocaak kayak merekaaa Ã°Å¸Ëœâ€šÃ°Å¸Ëœâ€šÃ°Å¸â€™Å“Ã°Å¸â€™Å“Ã°Å¸â€™Å“,Positif,1
sudah pantas kok tokped mendunia,Netral,0
Iklan tokopedia versi ini gak akan diskipÃ°Å¸ËœÂ Gemeees bangeet BangtanÃ°Å¸â€™Å“Ã°Å¸â€™Å“Ã°Å¸â€™Å“Ã°Å¸â€™Å“,Positif,1
skincarenya jungkook apa ya,Netral,0
GEMES BANGET IKLANNYAAÃ°Å¸ËœÂ­Ã°Å¸ËœÂ­Ã°Å¸ËœÂ­,Positif,1
semakin keren ajanih bts sama tokped,Positif,1
siap min Ã°Å¸â€˜Â,Netral,0
Gemeshhh banget kalian Ã°Å¸â€™Å“Ã°Å¸â€™Å“,Positif,1
Gemoyyyy bgtÃ¢ÂÂ¤Ã¯Â¸ÂÃ°Å¸â€™Å“,Positif,1
Seokjin Ã°Å¸ËœÂÃ°Å¸ËœÂÃ°Å¸â€™Å“,Positif,1
Ã°Å¸â€™Å“Ã°Å¸â€™Å“Ã°Å¸â€™Å“,Positif,1
gemess bngttÃ°Å¸ËœÂ­Ã°Å¸â€™Å“,Positif,1
Ã°Å¸ËœÂ­Ã°Å¸ËœÂ­Ã°Å¸ËœÂ­Ã°Å¸ËœÂ­ ya ampun,Netral,0
Min nanti tanggal 25 siapa idolnya min?? Kasih clue donkÃ°Å¸â„¢Æ’,Netral,0
sayangkuuuÃ°Å¸â€™Å“Ã°Å¸â€™Å¡,Positif,1
Gw ngga suka kpop tapi ini keren sih,Netral,0
GEMESSSSÃ°Å¸â€™Å“Ã°Å¸â€™Å“Ã°Å¸â€™Å“Ã°Å¸â€™Å“Ã°Å¸â€™Å“Ã°Å¸â€™Å“Ã°Å¸â€™Å“Ã°Å¸â€™Å“Ã°Å¸â€™Å“Ã°Å¸â€™Å“,Positif,1
Mau Hape Samsung s20 edisi BTS Ã°Å¸ËœÂ¢,Netral,0
Nanti jam berapa min?,Netral,0
Aneh bgt,Negatif,-1
"Hubungannya kalian sama bts apasih sampe dipuja puja gitu, aneh deh",Negatif,-1
Kenapa pas liat mereka ngakak Ã°Å¸Ëœâ€štiba tiba muncul trus lari lari joget joget kecil..kan jadi emesh atunya (Ã¢â€”Â¡ Ãâ€° Ã¢â€”Â¡),Netral,0
Kenapa ngga digabungin aja bp sama btsnya di satu panggung? Huhuhu,Netral,0
gemess bgt sama mereka luv,Positif,1
Ngk pernah bosan liat iklan ini di tipiii,Positif,1
nanti tgl 25 ada show BTS ngga di tv min?,Netral,0
Kok aku malah suka yak sama lagunya tokped rasanya alus banget gitu buat masuk ke telinga,Positif,1
Boraheee tokped,Positif,1
Blackpink manaaa,Netral,0
pengen ketemu bts plis tokped bantuin wkwk,Netral,0
Kenapa bukan suara mereka,Netral,0
aaaa gemeusss,Positif,1
Gak pernah bosan liat bts di iklannya tokped meskipun udah 50 kali ku putar ulang wkwkwk,Positif,1
"Iya mudah kok, yang ga mudah tuh ngemilikin kamu yoon",Positif,1
